Name," Url"
1. Republique,https://www.yelp.com/biz/republique-los-angeles-6?osq=Restaurants
2. Running Goose,https://www.yelp.com/biz/running-goose-los-angeles?osq=Restaurants
3. GRANVILLE,https://www.yelp.com/biz/granville-west-hollywood-2?osq=Restaurants
4. Enchant,https://www.yelp.com/biz/enchant-los-angeles?osq=Restaurants
5. The Front Yard,https://www.yelp.com/biz/the-front-yard-north-hollywood-2?osq=Restaurants
6. Met Him At A Bar,https://www.yelp.com/biz/met-him-at-a-bar-los-angeles-3?osq=Restaurants
7. Hangari Kalguksu,https://www.yelp.com/biz/hangari-kalguksu-los-angeles-4?osq=Restaurants
8. Great White,https://www.yelp.com/biz/great-white-los-angeles-2?osq=Restaurants
9. Maccheroni Republic,https://www.yelp.com/biz/maccheroni-republic-los-angeles?osq=Restaurants
10. Bottega Louie,https://www.yelp.com/biz/bottega-louie-los-angeles?osq=Restaurants
11. Vala Kitchen,https://www.yelp.com/biz/vala-kitchen-los-angeles?osq=Restaurants
12. Broken Mouth,https://www.yelp.com/biz/broken-mouth-los-angeles-7?osq=Restaurants
13. Cabra,https://www.yelp.com/biz/cabra-los-angeles-6?osq=Restaurants
14. PASTA e PASTA by Allegro,https://www.yelp.com/biz/pasta-e-pasta-by-allegro-los-angeles-2?osq=Restaurants
15. Kingyubu,https://www.yelp.com/biz/kingyubu-los-angeles?osq=Restaurants
16. Fixins Soul Kitchen - Los Angeles,https://www.yelp.com/biz/fixins-soul-kitchen-los-angeles-los-angeles?osq=Restaurants
17. Bacari W 3rd,https://www.yelp.com/biz/bacari-w-3rd-los-angeles?osq=Restaurants
18. Pasta Sisters,https://www.yelp.com/biz/pasta-sisters-los-angeles?osq=Restaurants
19. Sun Nong Dan,https://www.yelp.com/biz/sun-nong-dan-los-angeles-5?osq=Restaurants
20. Bossa Nova Brazilian Cuisine,https://www.yelp.com/biz/bossa-nova-brazilian-cuisine-los-angeles-4?osq=Restaurants
21. Hui Tou Xiang,https://www.yelp.com/biz/hui-tou-xiang-los-angeles?osq=Restaurants
22. Dasom By Chef Kang,https://www.yelp.com/biz/dasom-by-chef-kang-los-angeles?osq=Restaurants
23. Marugame Monzo,https://www.yelp.com/biz/marugame-monzo-los-angeles-5?osq=Restaurants
24. Met Her At A Bar,https://www.yelp.com/biz/met-her-at-a-bar-los-angeles-2?osq=Restaurants
25. Louders,https://www.yelp.com/biz/louders-los-angeles?osq=Restaurants
26. Lan Noodle,https://www.yelp.com/biz/lan-noodle-west-hollywood?osq=Restaurants
27. Osteria La Buca,https://www.yelp.com/biz/osteria-la-buca-los-angeles-2?osq=Restaurants
28. Fratelli Cafe,https://www.yelp.com/biz/fratelli-cafe-los-angeles?osq=Restaurants
29. Two Hommés,https://www.yelp.com/biz/two-homm%C3%A9s-inglewood-3?osq=Restaurants
30. Holbox,https://www.yelp.com/biz/holbox-los-angeles-2?osq=Restaurants
31. Sol Agave,https://www.yelp.com/biz/sol-agave-los-angeles-12?osq=Restaurants
32. The Edmon,https://www.yelp.com/biz/the-edmon-los-angeles?osq=Restaurants
33. Pine & Crane,https://www.yelp.com/biz/pine-and-crane-los-angeles-5?osq=Restaurants
34. Little Sister,https://www.yelp.com/biz/little-sister-los-angeles-3?osq=Restaurants
35. Howlin’ Ray’s,https://www.yelp.com/biz/howlin-rays-los-angeles-7?osq=Restaurants
36. Mee Dee Thai Kitchen,https://www.yelp.com/biz/mee-dee-thai-kitchen-los-angeles?osq=Restaurants
37. Manuela,https://www.yelp.com/biz/manuela-los-angeles-2?osq=Restaurants
38. Destroyer,https://www.yelp.com/biz/destroyer-culver-city?osq=Restaurants
39. My Two Cents,https://www.yelp.com/biz/my-two-cents-los-angeles?osq=Restaurants
40. Pasta Sisters,https://www.yelp.com/biz/pasta-sisters-culver-city-2?osq=Restaurants
41. Honey Night,https://www.yelp.com/biz/honey-night-los-angeles?osq=Restaurants
42. Gong Gan,https://www.yelp.com/biz/gong-gan-los-angeles?osq=Restaurants
43. Fat Sal’s Deli - Hollywood,https://www.yelp.com/biz/fat-sals-deli-hollywood-los-angeles?osq=Restaurants
44. Bao Dim Sum House,https://www.yelp.com/biz/bao-dim-sum-house-los-angeles?osq=Restaurants
45. Pine & Crane DTLA,https://www.yelp.com/biz/pine-and-crane-dtla-los-angeles-3?osq=Restaurants
46. Morrison Atwater Village,https://www.yelp.com/biz/morrison-atwater-village-los-angeles?osq=Restaurants
47. Azay,https://www.yelp.com/biz/azay-los-angeles?osq=Restaurants
48. MIAN | 滋味小面,https://www.yelp.com/biz/mian-%E6%BB%8B%E5%91%B3%E5%B0%8F%E9%9D%A2-los-angeles?osq=Restaurants
49. OTOTO,https://www.yelp.com/biz/ototo-los-angeles-2?osq=Restaurants
50. Le Grand,https://www.yelp.com/biz/le-grand-los-angeles-6?osq=Restaurants
51. La Pergoletta,https://www.yelp.com/biz/la-pergoletta-los-angeles-4?osq=Restaurants
52. Liu’s Cafe,https://www.yelp.com/biz/lius-cafe-los-angeles?osq=Restaurants
53. HATCH,https://www.yelp.com/biz/hatch-los-angeles-3?osq=Restaurants
54. Yuko Kitchen Miracle Mile,https://www.yelp.com/biz/yuko-kitchen-miracle-mile-los-angeles?osq=Restaurants
55. Hoy-Ka Thai Restaurant,https://www.yelp.com/biz/hoy-ka-thai-restaurant-los-angeles?osq=Restaurants
56. Zinqué,https://www.yelp.com/biz/zinqu%C3%A9-west-hollywood-2?osq=Restaurants
57. Kismet,https://www.yelp.com/biz/kismet-los-angeles-2?osq=Restaurants
58. Yup Dduk LA,https://www.yelp.com/biz/yup-dduk-la-los-angeles?osq=Restaurants
59. Sanamluang Cafe,https://www.yelp.com/biz/sanamluang-cafe-los-angeles-4?osq=Restaurants
60. Abernethy’s,https://www.yelp.com/biz/abernethys-los-angeles-2?osq=Restaurants
61. Loupiotte Kitchen,https://www.yelp.com/biz/loupiotte-kitchen-los-angeles-2?osq=Restaurants
62. OUI MELROSE,https://www.yelp.com/biz/oui-melrose-los-angeles-2?osq=Restaurants
63. Taste of the Caribbean LA,https://www.yelp.com/biz/taste-of-the-caribbean-la-los-angeles-5?osq=Restaurants
64. Mamie,https://www.yelp.com/biz/mamie-west-hollywood-2?osq=Restaurants
65. Oriel Chinatown,https://www.yelp.com/biz/oriel-chinatown-los-angeles?osq=Restaurants
66. Ghost Sando Shop,https://www.yelp.com/biz/ghost-sando-shop-los-angeles-2?osq=Restaurants
67. Jon & Vinny’s Fairfax,https://www.yelp.com/biz/jon-and-vinnys-fairfax-los-angeles-4?osq=Restaurants
68. Holy Basil,https://www.yelp.com/biz/holy-basil-los-angeles-2?osq=Restaurants
69. Pura Vita,https://www.yelp.com/biz/pura-vita-west-hollywood-2?osq=Restaurants
70. Azizam,https://www.yelp.com/biz/azizam-los-angeles?osq=Restaurants
71. Clark Street Diner,https://www.yelp.com/biz/clark-street-diner-los-angeles?osq=Restaurants
72. Masa of Echo Park,https://www.yelp.com/biz/masa-of-echo-park-los-angeles?osq=Restaurants
73. Open Face Food Shop,https://www.yelp.com/biz/open-face-food-shop-los-angeles?osq=Restaurants
74. HomeState,https://www.yelp.com/biz/homestate-los-angeles?osq=Restaurants
75. Eat This Cafe,https://www.yelp.com/biz/eat-this-cafe-los-angeles?osq=Restaurants
76. Tu Madre - Los Feliz,https://www.yelp.com/biz/tu-madre-los-feliz-los-angeles-3?osq=Restaurants
77. Langer’s Delicatessen,https://www.yelp.com/biz/langers-delicatessen-los-angeles-2?osq=Restaurants
78. Highly Likely,https://www.yelp.com/biz/highly-likely-los-angeles?osq=Restaurants
79. Elf,https://www.yelp.com/biz/elf-los-angeles-2?osq=Restaurants
80. Craft by Smoke & Fire - LA Live,https://www.yelp.com/biz/craft-by-smoke-and-fire-la-live-los-angeles?osq=Restaurants
81. Tu Madre - West Hollywood,https://www.yelp.com/biz/tu-madre-west-hollywood-west-hollywood?osq=Restaurants
82. Chubby Curry,https://www.yelp.com/biz/chubby-curry-beverly-hills?osq=Restaurants
83. CHD MANDU LA,https://www.yelp.com/biz/chd-mandu-la-los-angeles?osq=Restaurants
84. Bang Bang Noodles,https://www.yelp.com/biz/bang-bang-noodles-culver-city-6?osq=Restaurants
85. Lasita,https://www.yelp.com/biz/lasita-los-angeles?osq=Restaurants
86. White Elephant,https://www.yelp.com/biz/white-elephant-los-angeles?osq=Restaurants
87. Heng Heng Chicken Rice,https://www.yelp.com/biz/heng-heng-chicken-rice-los-angeles?osq=Restaurants
88. Vicky’s All Day,https://www.yelp.com/biz/vickys-all-day-los-angeles?osq=Restaurants
89. Spaccio Salumeria by Truffle Brothers,https://www.yelp.com/biz/spaccio-salumeria-by-truffle-brothers-los-angeles-2?osq=Restaurants
90. Lasung House,https://www.yelp.com/biz/lasung-house-los-angeles?osq=Restaurants
91. Gus’s World Famous Fried Chicken,https://www.yelp.com/biz/guss-world-famous-fried-chicken-los-angeles?osq=Restaurants
92. Fanny’s,https://www.yelp.com/biz/fannys-los-angeles?osq=Restaurants
93. Han Bat Sul Lung Tang,https://www.yelp.com/biz/han-bat-sul-lung-tang-los-angeles-2?osq=Restaurants
94. Greek Bistro,https://www.yelp.com/biz/greek-bistro-glendale?osq=Restaurants
95. Hill Street Bar & Restaurant,https://www.yelp.com/biz/hill-street-bar-and-restaurant-los-angeles?osq=Restaurants
96. Tonchin LA,https://www.yelp.com/biz/tonchin-la-los-angeles?osq=Restaurants
97. Guzzu Bento-ya,https://www.yelp.com/biz/guzzu-bento-ya-los-angeles?osq=Restaurants
98. Quarter Sheets,https://www.yelp.com/biz/quarter-sheets-los-angeles?osq=Restaurants
99. Citizen Public Market,https://www.yelp.com/biz/citizen-public-market-culver-city?osq=Restaurants
100. WAKE AND LATE,https://www.yelp.com/biz/wake-and-late-los-angeles-5?osq=Restaurants
101. De La Nonna,https://www.yelp.com/biz/de-la-nonna-los-angeles-3?osq=Restaurants
102. Versailles,https://www.yelp.com/biz/versailles-los-angeles-4?osq=Restaurants
103. Beachwood Cafe,https://www.yelp.com/biz/beachwood-cafe-los-angeles?osq=Restaurants
104. Father’s Office,https://www.yelp.com/biz/father-s-office-los-angeles?osq=Restaurants
105. Tartine,https://www.yelp.com/biz/tartine-los-angeles-2?osq=Restaurants
106. Jones,https://www.yelp.com/biz/jones-west-hollywood-2?osq=Restaurants
107. Sunday Gravy,https://www.yelp.com/biz/sunday-gravy-inglewood-2?osq=Restaurants
108. Forage,https://www.yelp.com/biz/forage-los-angeles?osq=Restaurants
109. Little Jewel of New Orleans,https://www.yelp.com/biz/little-jewel-of-new-orleans-los-angeles-2?osq=Restaurants
110. LEE GA,https://www.yelp.com/biz/lee-ga-los-angeles-2?osq=Restaurants
111. Lala’s Argentine Grill,https://www.yelp.com/biz/lalas-argentine-grill-los-angeles-3?osq=Restaurants
112. ATTITUDE CAFE,https://www.yelp.com/biz/attitude-cafe-los-angeles-3?osq=Restaurants
113. Chinchikurin - Sawtelle,https://www.yelp.com/biz/chinchikurin-sawtelle-los-angeles-2?osq=Restaurants
114. For The Win,https://www.yelp.com/biz/for-the-win-los-angeles?osq=Restaurants
115. Ruen Pair,https://www.yelp.com/biz/ruen-pair-los-angeles?osq=Restaurants
116. The Silver Lake House,https://www.yelp.com/biz/the-silver-lake-house-los-angeles?osq=Restaurants
117. Good Clean Fun,https://www.yelp.com/biz/good-clean-fun-los-angeles?osq=Restaurants
118. Eggslut,https://www.yelp.com/biz/eggslut-los-angeles-7?osq=Restaurants
119. Bridgetown Roti,https://www.yelp.com/biz/bridgetown-roti-los-angeles?osq=Restaurants
120. 33 Taps DTLA,https://www.yelp.com/biz/33-taps-dtla-los-angeles?osq=Restaurants
121. Joan’s on Third,https://www.yelp.com/biz/joans-on-third-los-angeles?osq=Restaurants
122. Night + Market Song,https://www.yelp.com/biz/night-market-song-los-angeles-2?osq=Restaurants
123. LOVE,https://www.yelp.com/biz/love-west-hollywood?osq=Restaurants
124. Egg Tuck,https://www.yelp.com/biz/egg-tuck-west-hollywood-2?osq=Restaurants
"125. Mom, Please Ukrainian Food",https://www.yelp.com/biz/mom-please-ukrainian-food-playa-vista?osq=Restaurants
126. Gracias Madre,https://www.yelp.com/biz/gracias-madre-west-hollywood-3?osq=Restaurants
127. Poppy + Rose,https://www.yelp.com/biz/poppy-rose-los-angeles?osq=Restaurants
128. Good Goose Cafe - Temp. CLOSED,https://www.yelp.com/biz/good-goose-cafe-los-angeles-3?osq=Restaurants
129. Jones,https://www.yelp.com/biz/jones-west-hollywood-2?osq=Restaurants
130. Mario’s Peruvian & Seafood,https://www.yelp.com/biz/marios-peruvian-and-seafood-los-angeles?osq=Restaurants
131. Sonoritas Prime Tacos,https://www.yelp.com/biz/sonoritas-prime-tacos-los-angeles-2?osq=Restaurants
132. The Butcher’s Daughter,https://www.yelp.com/biz/the-butchers-daughter-west-hollywood?osq=Restaurants
133. Slurpin Ramen Bar - 8th St,https://www.yelp.com/biz/slurpin-ramen-bar-8th-st-los-angeles-3?osq=Restaurants
134. Kuku Cafe,https://www.yelp.com/biz/kuku-cafe-inglewood-4?osq=Restaurants
135. All Time,https://www.yelp.com/biz/all-time-los-angeles?osq=Restaurants
136. Woon,https://www.yelp.com/biz/woon-los-angeles?osq=Restaurants
137. Himalayan House,https://www.yelp.com/biz/himalayan-house-los-angeles?osq=Restaurants
138. Little Fatty,https://www.yelp.com/biz/little-fatty-los-angeles?osq=Restaurants
139. Seoul Market Eatery,https://www.yelp.com/biz/seoul-market-eatery-los-angeles?osq=Restaurants
140. Stevie’s Creole Cafe,https://www.yelp.com/biz/stevies-creole-cafe-los-angeles?osq=Restaurants
141. Kobawoo House,https://www.yelp.com/biz/kobawoo-house-los-angeles-2?osq=Restaurants
142. Loqui,https://www.yelp.com/biz/loqui-culver-city?osq=Restaurants
143. Levant Bistro + Bake Shop,https://www.yelp.com/biz/levant-bistro-bake-shop-los-angeles-2?osq=Restaurants
144. Openaire,https://www.yelp.com/biz/openaire-los-angeles?osq=Restaurants
145. Mazal,https://www.yelp.com/biz/mazal-los-angeles?osq=Restaurants
146. Johnny’s Pastrami,https://www.yelp.com/biz/johnnys-pastrami-los-angeles-2?osq=Restaurants
147. Torisoba Tonsho,https://www.yelp.com/biz/torisoba-tonsho-los-angeles?osq=Restaurants
148. Daikokuya Little Tokyo,https://www.yelp.com/biz/daikokuya-little-tokyo-los-angeles-2?osq=Restaurants
149. KAMINARI Gyoza Bar,https://www.yelp.com/biz/kaminari-gyoza-bar-los-angeles-3?osq=Restaurants
150. Fusion Kitchen,https://www.yelp.com/biz/fusion-kitchen-los-angeles-3?osq=Restaurants
151. Sticky Rice Echo Park,https://www.yelp.com/biz/sticky-rice-echo-park-los-angeles?osq=Restaurants
152. H Cafe,https://www.yelp.com/biz/h-cafe-los-angeles?osq=Restaurants
153. MA’S Italian Kitchen,https://www.yelp.com/biz/mas-italian-kitchen-burbank-2?osq=Restaurants
154. The Kluckin Chicken,https://www.yelp.com/biz/the-kluckin-chicken-los-angeles-6?osq=Restaurants
155. The Wine Bar,https://www.yelp.com/biz/the-wine-bar-hollywood-2?osq=Restaurants
156. Chichen Itza Restaurant,https://www.yelp.com/biz/chichen-itza-restaurant-los-angeles-3?osq=Restaurants
157. Mizlala West Adams,https://www.yelp.com/biz/mizlala-west-adams-los-angeles-2?osq=Restaurants
158. Eggslut,https://www.yelp.com/biz/eggslut-los-angeles-10?osq=Restaurants
159. Spicy Sugar Thai - MidCity,https://www.yelp.com/biz/spicy-sugar-thai-midcity-los-angeles?osq=Restaurants
160. Tita Lina’s,https://www.yelp.com/biz/tita-lina-s-los-angeles?osq=Restaurants
161. The Honor Bar,https://www.yelp.com/biz/the-honor-bar-beverly-hills-3?osq=Restaurants
162. Bonggu Tteokbokki,https://www.yelp.com/biz/bonggu-tteokbokki-los-angeles?osq=Restaurants
163. Kuya Lord,https://www.yelp.com/biz/kuya-lord-los-angeles?osq=Restaurants
164. Egg Tuck,https://www.yelp.com/biz/egg-tuck-los-angeles?osq=Restaurants
165. The Backyard,https://www.yelp.com/biz/the-backyard-los-angeles-2?osq=Restaurants
166. Sunset Rooftop,https://www.yelp.com/biz/sunset-rooftop-los-angeles?osq=Restaurants
167. The Airliner,https://www.yelp.com/biz/the-airliner-los-angeles-5?osq=Restaurants
168. Bowery Bungalow,https://www.yelp.com/biz/bowery-bungalow-los-angeles?osq=Restaurants
169. Berlins,https://www.yelp.com/biz/berlins-los-angeles-3?osq=Restaurants
170. MESSHALL,https://www.yelp.com/biz/messhall-los-angeles-2?osq=Restaurants
171. LA Rose Cafe,https://www.yelp.com/biz/la-rose-cafe-los-angeles-2?osq=Restaurants
172. Ixlb Dim Sum Eats,https://www.yelp.com/biz/ixlb-dim-sum-eats-los-angeles-2?osq=Restaurants
173. Mex Peru Gipsy,https://www.yelp.com/biz/mex-peru-gipsy-los-angeles-15?osq=Restaurants
174. Flipper’s,https://www.yelp.com/biz/flippers-west-hollywood?osq=Restaurants
175. Levant Mediterranean Restaurant & Catering,https://www.yelp.com/biz/levant-mediterranean-restaurant-and-catering-los-angeles-2?osq=Restaurants
176. Bacari W Adams,https://www.yelp.com/biz/bacari-w-adams-los-angeles-2?osq=Restaurants
177. Carasau,https://www.yelp.com/biz/carasau-culver-city?osq=Restaurants
178. Jinsol Gukbap 8th,https://www.yelp.com/biz/jinsol-gukbap-8th-los-angeles-2?osq=Restaurants
179. Cafe Los Feliz,https://www.yelp.com/biz/cafe-los-feliz-los-angeles?osq=Restaurants
180. Yang Chow,https://www.yelp.com/biz/yang-chow-los-angeles?osq=Restaurants
181. Noodle Art,https://www.yelp.com/biz/noodle-art-los-angeles?osq=Restaurants
182. RibTown B.B.Q,https://www.yelp.com/biz/ribtown-b-b-q-los-angeles?osq=Restaurants
183. Maple Block Meat Co,https://www.yelp.com/biz/maple-block-meat-co-culver-city-23?osq=Restaurants
184. WILDBIRD,https://www.yelp.com/biz/wildbird-los-angeles?osq=Restaurants
185. Sichuan Impression,https://www.yelp.com/biz/sichuan-impression-los-angeles-2?osq=Restaurants
186. Lodge Bread,https://www.yelp.com/biz/lodge-bread-beverly-hills?osq=Restaurants
187. Anarkali Indian Restaurant,https://www.yelp.com/biz/anarkali-indian-restaurant-los-angeles?osq=Restaurants
188. The Sycamore Kitchen,https://www.yelp.com/biz/the-sycamore-kitchen-los-angeles-2?osq=Restaurants
189. Zarape’ Cocina & Cantina,https://www.yelp.com/biz/zarape-cocina-and-cantina-west-hollywood?osq=Restaurants
190. Oi Asian Fusion,https://www.yelp.com/biz/oi-asian-fusion-los-angeles-4?osq=Restaurants
191. Papa Cristo’s,https://www.yelp.com/biz/papa-cristos-los-angeles-2?osq=Restaurants
192. The Black Cat,https://www.yelp.com/biz/the-black-cat-los-angeles?osq=Restaurants
193. Truxton’s American Bistro,https://www.yelp.com/biz/truxtons-american-bistro-los-angeles?osq=Restaurants
194. Jeonju Hyundaiok,https://www.yelp.com/biz/jeonju-hyundaiok-los-angeles-4?osq=Restaurants
195. Pizzeria Mozza,https://www.yelp.com/biz/pizzeria-mozza-los-angeles-4?osq=Restaurants
196. Meyers Manx Cafe,https://www.yelp.com/biz/meyers-manx-cafe-los-angeles?osq=Restaurants
197. Yuk Dae Jang,https://www.yelp.com/biz/yuk-dae-jang-los-angeles-2?osq=Restaurants
198. K Pasa Taqueria,https://www.yelp.com/biz/k-pasa-taqueria-los-angeles?osq=Restaurants
199. Mauro Cafe,https://www.yelp.com/biz/mauro-cafe-los-angeles?osq=Restaurants
200. Tlayuda L.A. Restaurant,https://www.yelp.com/biz/tlayuda-l-a-restaurant-los-angeles-6?osq=Restaurants
201. Martin’s Cocina y Cantina,https://www.yelp.com/biz/martins-cocina-y-cantina-inglewood?osq=Restaurants
202. Louise’s Trattoria - Larchmont,https://www.yelp.com/biz/louises-trattoria-larchmont-los-angeles-2?osq=Restaurants
203. Habachihana Grill,https://www.yelp.com/biz/habachihana-grill-los-angeles?osq=Restaurants
204. Comfort Kitchen,https://www.yelp.com/biz/comfort-kitchen-los-angeles?osq=Restaurants
205. The Sisters Cafe Vietnamese Asian Fusions,https://www.yelp.com/biz/the-sisters-cafe-vietnamese-asian-fusions-los-angeles?osq=Restaurants
206. Roasted Duck By Pa Ord,https://www.yelp.com/biz/roasted-duck-by-pa-ord-los-angeles-2?osq=Restaurants
207. Bé  Ù,https://www.yelp.com/biz/b%C3%A9-%C3%B9-los-angeles?osq=Restaurants
208. Lonzo’s Restaurant,https://www.yelp.com/biz/lonzos-restaurant-culver-city-3?osq=Restaurants
209. Fat Dragon,https://www.yelp.com/biz/fat-dragon-los-angeles?osq=Restaurants
210. Piccalilli,https://www.yelp.com/biz/piccalilli-culver-city?osq=Restaurants
211. Botanica Restaurant & Market,https://www.yelp.com/biz/botanica-restaurant-and-market-los-angeles?osq=Restaurants
212. Caveman Kitchen,https://www.yelp.com/biz/caveman-kitchen-los-angeles-2?osq=Restaurants
213. Crispy Pork Gang,https://www.yelp.com/biz/crispy-pork-gang-los-angeles?osq=Restaurants
214. Caribbean Soul Kitchen La,https://www.yelp.com/biz/caribbean-soul-kitchen-la-los-angeles?osq=Restaurants
215. The Griddle Cafe,https://www.yelp.com/biz/the-griddle-cafe-los-angeles-2?osq=Restaurants
216. Hae Ha Heng Thai Bistro,https://www.yelp.com/biz/hae-ha-heng-thai-bistro-los-angeles-6?osq=Restaurants
217. Anwar’s Kitchen,https://www.yelp.com/biz/anwars-kitchen-los-angeles-2?osq=Restaurants
218. Ara’s Shawarma,https://www.yelp.com/biz/ara-s-shawarma-los-angeles-3?osq=Restaurants
219. Rice Chicken,https://www.yelp.com/biz/rice-chicken-los-angeles-2?osq=Restaurants
220. Din Tai Fung,https://www.yelp.com/biz/din-tai-fung-century-city-los-angeles?osq=Restaurants
221. Kingdom Dim Sum,https://www.yelp.com/biz/kingdom-dim-sum-los-angeles?osq=Restaurants
222. Seoulmates,https://www.yelp.com/biz/seoulmates-los-angeles?osq=Restaurants
223. Same Same,https://www.yelp.com/biz/same-same-los-angeles?osq=Restaurants
224. Marmalade Cafe,https://www.yelp.com/biz/marmalade-cafe-los-angeles-24?osq=Restaurants
225. Gyoza Bar,https://www.yelp.com/biz/gyoza-bar-echo-park?osq=Restaurants
226. Humble Potato,https://www.yelp.com/biz/humble-potato-los-angeles-2?osq=Restaurants
227. Ceci’s Gastronomia,https://www.yelp.com/biz/cecis-gastronomia-los-angeles?osq=Restaurants
228. Formosa Cafe,https://www.yelp.com/biz/formosa-cafe-west-hollywood-2?osq=Restaurants
229. New York’s Chopped Cheese,https://www.yelp.com/biz/new-york-s-chopped-cheese-los-angeles?osq=Restaurants
230. All’Acqua,https://www.yelp.com/biz/allacqua-los-angeles-2?osq=Restaurants
231. Stout Burgers & Beers,https://www.yelp.com/biz/stout-burgers-and-beers-los-angeles?osq=Restaurants
232. Birds,https://www.yelp.com/biz/birds-los-angeles?osq=Restaurants
233. Gangnam Station Korean BBQ,https://www.yelp.com/biz/gangnam-station-korean-bbq-los-angeles?osq=Restaurants
234. Komal,https://www.yelp.com/biz/komal-los-angeles-2?osq=Restaurants
235. Dune,https://www.yelp.com/biz/dune-los-angeles?osq=Restaurants
236. Pampas Grill,https://www.yelp.com/biz/pampas-grill-los-angeles?osq=Restaurants
237. Sqirl,https://www.yelp.com/biz/sqirl-los-angeles-4?osq=Restaurants
238. Simonette,https://www.yelp.com/biz/simonette-culver-city-2?osq=Restaurants
239. The Serving Spoon,https://www.yelp.com/biz/the-serving-spoon-inglewood?osq=Restaurants
240. Honey Hi,https://www.yelp.com/biz/honey-hi-los-angeles?osq=Restaurants
